,date,code,z_0,z_1,z_2,z_3,z_4,z_5,z_6,z_7,ohlcv_summary,code_str,inference,extract_inf
0,2024-08-28,12,0.1234357729554176,0.2402987778186798,2.166500569404172e-20,-1.396367858550834e-30,1.3982020391267724e-05,0.3182082772254944,0.1128437221050262,0.6430491209030151,"open: 550.1778, high: 550.9757, low: 549.6755, close: 549.9611, volume: 8354161.0","0.123436, 0.240299, 0.000000, -0.000000, 0.000014, 0.318208, 0.112844, 0.643049","
    ### 주어진 정보
    아래는 특정 기간 동안의 시장 패턴을 나타내는 VQ 코드와 해당 기간의 OHLCV 데이터이다.
    
    ### 코드북
    12
    
    ### 코드북 벡터
    0.123436, 0.240299, 0.000000, -0.000000, 0.000014, 0.318208, 0.112844, 0.643049
    
    ### OHLCV 시계열
    open: 550.1778, high: 550.9757, low: 549.6755, close: 549.9611, volume: 8354161.0
    
    ### 지시문
    당신은 미국 주식 시장을 분석하는 전문 애널리스트다.
    라벨에 포함된 사건의 성격(성장, 부진, 구조조정, 불확실성 등)을 임의 변형하거나 약화하지 않는다.
    출력은 반드시 두 문장으로 구성한다.
    첫 문장은 반드시 ""핵심 주제:""로 시작하며 하나의 문장으로 끝낸다.
    두 번째 문장은 분석 내용을 담되 하나의 문장으로 끝낸다.
    불필요한 반복을 금지하며, 문장을 절대로 늘이거나 이어붙이지 않는다.
    문장은 끝맺음이 확실해야 하며 출력은 반드시 총 두 문장으로 구성한다.
    
    ### 출력
    핵심 주제: 미국 주식 시장에서 다양한 산업 분야의 성장이 전망되며, 기업 구조조정, 인수합병, 신규 임원 임명 등 활발한 기업 활동이 보고되지만, 일부 기업의 실적 부진과 불확실한 시장 전망으로 인한 주식 시장 변동성 또한 나타난다.
    핵심 주제: 기업들은 전략적인 구조조정, 인수합병, 신규 임원 임명 등 활발한 기업 활동을 통해 사업을 재편하고 있으며, 다양한 산업 분야의 성장이 전망되지만, 일부 기업의 실적 부진과 불확실한 시장 전망으로 인한 주식 시장 변동성 또한 나타나지만, 장기적으로 기업 활동과 기술 혁신으로 시장 성장이 전망된다.    
    핵심 주제: 미국 주식 시장에서 기업 구조조정, 인수합병, 신규","핵심 주제: 미국 주식 시장에서 다양한 산업 분야의 성장이 전망되며, 기업 구조조정, 인수합병, 신규 임원 임명 등 활발한 기업 활동이 보고되지만, 일부 기업의 실적 부진과 불확실한 시장 전망으로 인한 주식 시장 변동성 또한 나타난다.
핵심 주제: 기업들은 전략적인 구조조정, 인수합병, 신규 임원 임명 등 활발한 기업 활동을 통해 사업을 재편하고 있으며, 다양한 산업 분야의 성장이 전망되지만, 일부 기업의 실적 부진과 불확실한 시장 전망으로 인한 주식 시장 변동성 또한 나타나지만, 장기적으로 기업 활동과 기술 혁신으로 시장 성장이 전망된다."
1,2024-01-10,22,0.4753470420837402,0.4186112880706787,-7.847271400218978e-44,-3.0036942444602057e-37,-5.581985768284058e-16,0.1382068544626236,0.0106926737353205,0.3293631374835968,"open: 466.1328, high: 466.7201, low: 465.0953, close: 466.4069, volume: 10955623.0","0.475347, 0.418611, -0.000000, -0.000000, -0.000000, 0.138207, 0.010693, 0.329363","
    ### 주어진 정보
    아래는 특정 기간 동안의 시장 패턴을 나타내는 VQ 코드와 해당 기간의 OHLCV 데이터이다.
    
    ### 코드북
    22
    
    ### 코드북 벡터
    0.475347, 0.418611, -0.000000, -0.000000, -0.000000, 0.138207, 0.010693, 0.329363
    
    ### OHLCV 시계열
    open: 466.1328, high: 466.7201, low: 465.0953, close: 466.4069, volume: 10955623.0
    
    ### 지시문
    당신은 미국 주식 시장을 분석하는 전문 애널리스트다.
    라벨에 포함된 사건의 성격(성장, 부진, 구조조정, 불확실성 등)을 임의 변형하거나 약화하지 않는다.
    출력은 반드시 두 문장으로 구성한다.
    첫 문장은 반드시 ""핵심 주제:""로 시작하며 하나의 문장으로 끝낸다.
    두 번째 문장은 분석 내용을 담되 하나의 문장으로 끝낸다.
    불필요한 반복을 금지하며, 문장을 절대로 늘이거나 이어붙이지 않는다.
    문장은 끝맺음이 확실해야 하며 출력은 반드시 총 두 문장으로 구성한다.
    
    ### 출력
    핵심 주제: 미국 주식 시장의 성장세가 전망되는 기업들의 대규모 구조조정과 인수합병 활동.
    다수의 기업들이 실적 부진과 시장 불확실성으로 인한 구조조정을 단행하며, 핵심 사업 분야의 인수합병 활동 또한 활발히 진행되고 있다. 동시에 기술 혁신과 신상품/서비스 출시가 많은 기업들에게 성장 전망의 기회를 제공하고 있으며, 많은 시장 분야의 높은 주주 대리 임원 임명과 리더십 변화 또한 나타나고 있다. 동시에 기업들은 실적 발표와 전략 발표를 통해 대규모 인력 감축, 사업 분야의 재편성, 인수합병 준비 등 기업 활동을 단행하고 있으며, 많은 시장 분야의 높은 주주 대리 임원 임명과 리더십 변화 또한 나타나고 있다. 동시에 기업들은 실적","핵심 주제: 미국 주식 시장의 성장세가 전망되는 기업들의 대규모 구조조정과 인수합병 활동.
다수의 기업들이 실적 부진과 시장 불확실성으로 인한 구조조정을 단행하며, 핵심 사업 분야의 인수합병 활동 또한 활발히 진행되고 있다."
2,2024-06-11,22,0.4753470420837402,0.4186112880706787,-7.847271400218978e-44,-3.0036942444602057e-37,-5.581985768284058e-16,0.1382068544626236,0.0106926737353205,0.3293631374835968,"open: 526.1283, high: 527.2574, low: 525.8927, close: 527.1592, volume: 7055265.0","0.475347, 0.418611, -0.000000, -0.000000, -0.000000, 0.138207, 0.010693, 0.329363","
    ### 주어진 정보
    아래는 특정 기간 동안의 시장 패턴을 나타내는 VQ 코드와 해당 기간의 OHLCV 데이터이다.
    
    ### 코드북
    22
    
    ### 코드북 벡터
    0.475347, 0.418611, -0.000000, -0.000000, -0.000000, 0.138207, 0.010693, 0.329363
    
    ### OHLCV 시계열
    open: 526.1283, high: 527.2574, low: 525.8927, close: 527.1592, volume: 7055265.0
    
    ### 지시문
    당신은 미국 주식 시장을 분석하는 전문 애널리스트다.
    라벨에 포함된 사건의 성격(성장, 부진, 구조조정, 불확실성 등)을 임의 변형하거나 약화하지 않는다.
    출력은 반드시 두 문장으로 구성한다.
    첫 문장은 반드시 ""핵심 주제:""로 시작하며 하나의 문장으로 끝낸다.
    두 번째 문장은 분석 내용을 담되 하나의 문장으로 끝낸다.
    불필요한 반복을 금지하며, 문장을 절대로 늘이거나 이어붙이지 않는다.
    문장은 끝맺음이 확실해야 하며 출력은 반드시 총 두 문장으로 구성한다.
    
    ### 출력
    핵심 주제: 다양한 산업 분야의 기업 성장 전망과 시장 동향 분석.
    여러 기업들이 실적 발표와 동시에 구조조정, 인수합병, 신규 임원 임명 등 활발한 경영 활동을 펼치며 사업을 재편하고 있다. 또한, AI, 전기차 등 기술 혁신과 다양한 산업 분야의 시장 성장 전망을 분석하는 보고서들이 발표되는 가운데, 주식 시장 또한 활발한 움직임을 보이며, 다주택자 세제 개정 등 경제 정책 또한 두드러진 변화가 전망되고 있다.    



    ### 추가 출력 (선택)
    추가 출력은 선택적으로 제공되며, 기업의 실적 발표, 시장 동향 분석, 기술 혁신 등 기업소식과 경제 정세를 중심으로 구성된다.
    다양한 산업 분야의 기업들이 실적 발표를 통해 사업을 재편하고","핵심 주제: 다양한 산업 분야의 기업 성장 전망과 시장 동향 분석.
여러 기업들이 실적 발표와 동시에 구조조정, 인수합병, 신규 임원 임명 등 활발한 경영 활동을 펼치며 사업을 재편하고 있다."
3,2024-09-09,34,0.6172388195991516,0.2348403930664062,4.664922587737316e-42,-1.9976630647721727e-40,-5.605193857299268e-43,0.0129283405840396,0.305660992860794,0.0752767845988273,"open: 537.4023, high: 538.3183, low: 536.8112, close: 538.2297, volume: 6380792.0","0.617239, 0.234840, 0.000000, -0.000000, -0.000000, 0.012928, 0.305661, 0.075277","
    ### 주어진 정보
    아래는 특정 기간 동안의 시장 패턴을 나타내는 VQ 코드와 해당 기간의 OHLCV 데이터이다.
    
    ### 코드북
    34
    
    ### 코드북 벡터
    0.617239, 0.234840, 0.000000, -0.000000, -0.000000, 0.012928, 0.305661, 0.075277
    
    ### OHLCV 시계열
    open: 537.4023, high: 538.3183, low: 536.8112, close: 538.2297, volume: 6380792.0
    
    ### 지시문
    당신은 미국 주식 시장을 분석하는 전문 애널리스트다.
    라벨에 포함된 사건의 성격(성장, 부진, 구조조정, 불확실성 등)을 임의 변형하거나 약화하지 않는다.
    출력은 반드시 두 문장으로 구성한다.
    첫 문장은 반드시 ""핵심 주제:""로 시작하며 하나의 문장으로 끝낸다.
    두 번째 문장은 분석 내용을 담되 하나의 문장으로 끝낸다.
    불필요한 반복을 금지하며, 문장을 절대로 늘이거나 이어붙이지 않는다.
    문장은 끝맺음이 확실해야 하며 출력은 반드시 총 두 문장으로 구성한다.
    
    ### 출력
    핵심 주제: 미국 주식 시장의 활발한 성장세와 다 산업 분야의 높은 기술 혁신으로 기업들의 실적 성장과 주식 시장 변동성이다.
    다른 기업들은 구조조정, 인수합병, 신규 임원 임명 등 활발한 경영 활동을 펼치며 사업을 재편하고 있다. 또한, 다양한 산업 분야의 기술 혁신과 시장 성장 전망 보고서가 발표되는 가운데, 기업들은 실적 발표와 동시에 임원 대규모 감원, 주식 인수합병, 신규 임원 임명 등 기업 경영을 활발하게 펼치며 사업을 재편하고 있다. 동시에, 미국 주식 시장의 활발한 성장세와 다 산업 분야의 높은 기술 혁신으로 기업들의 실적 성장과 주식 시장 변동성이다.핵심 주제:핵","핵심 주제: 미국 주식 시장의 활발한 성장세와 다.
산업 분야의 높은 기술 혁신으로 기업들의 실적 성장과 주식 시장 변동성이다."
4,2024-06-17,34,0.6172388195991516,0.2348403930664062,4.664922587737316e-42,-1.9976630647721727e-40,-5.605193857299268e-43,0.0129283405840396,0.305660992860794,0.0752767845988273,"open: 538.3129, high: 538.3326, low: 536.8107, close: 537.1151, volume: 9412603.0","0.617239, 0.234840, 0.000000, -0.000000, -0.000000, 0.012928, 0.305661, 0.075277","
    ### 주어진 정보
    아래는 특정 기간 동안의 시장 패턴을 나타내는 VQ 코드와 해당 기간의 OHLCV 데이터이다.
    
    ### 코드북
    34
    
    ### 코드북 벡터
    0.617239, 0.234840, 0.000000, -0.000000, -0.000000, 0.012928, 0.305661, 0.075277
    
    ### OHLCV 시계열
    open: 538.3129, high: 538.3326, low: 536.8107, close: 537.1151, volume: 9412603.0
    
    ### 지시문
    당신은 미국 주식 시장을 분석하는 전문 애널리스트다.
    라벨에 포함된 사건의 성격(성장, 부진, 구조조정, 불확실성 등)을 임의 변형하거나 약화하지 않는다.
    출력은 반드시 두 문장으로 구성한다.
    첫 문장은 반드시 ""핵심 주제:""로 시작하며 하나의 문장으로 끝낸다.
    두 번째 문장은 분석 내용을 담되 하나의 문장으로 끝낸다.
    불필요한 반복을 금지하며, 문장을 절대로 늘이거나 이어붙이지 않는다.
    문장은 끝맺음이 확실해야 하며 출력은 반드시 총 두 문장으로 구성한다.
    
    ### 출력
    핵심 주제: 미국 주식 시장의 활발한 성장세와 다양한 산업 분야의 기술 혁신.
    여러 기업들이 실적 발표와 동시에 구조조정, 인수합병, 신규 임원 임명 등 활발한 경영 활동을 펼치며 사업을 재편하고 있다. 동시에 AI, 전기차 등 기술 혁신과 다양한 산업 시장의 성장세가 전망되지만, 일부 기업의 실적 부진과 정리해고, 주식 시장 변동성 등 경제 불확실성 또한 나타나고 있다.    



    ### 추가 정보
    기업 실적 발표, 주식 시장 동향, 기술 혁신, 산업 시장 성장세, 기업 경영 활동 등 경제 및 기업 관련 뉴스와 정보가 발표되는 기업 발표회, 경제 정서 조사, 기술 컨퍼런스 등 다양한 행사가 열린다.
    동시에 여러","핵심 주제: 미국 주식 시장의 활발한 성장세와 다양한 산업 분야의 기술 혁신.
여러 기업들이 실적 발표와 동시에 구조조정, 인수합병, 신규 임원 임명 등 활발한 경영 활동을 펼치며 사업을 재편하고 있다."
5,2024-09-24,34,0.6172388195991516,0.2348403930664062,4.664922587737316e-42,-1.9976630647721727e-40,-5.605193857299268e-43,0.0129283405840396,0.305660992860794,0.0752767845988273,"open: 563.8132, high: 564.5246, low: 563.5563, close: 564.406, volume: 9698559.0","0.617239, 0.234840, 0.000000, -0.000000, -0.000000, 0.012928, 0.305661, 0.075277","
    ### 주어진 정보
    아래는 특정 기간 동안의 시장 패턴을 나타내는 VQ 코드와 해당 기간의 OHLCV 데이터이다.
    
    ### 코드북
    34
    
    ### 코드북 벡터
    0.617239, 0.234840, 0.000000, -0.000000, -0.000000, 0.012928, 0.305661, 0.075277
    
    ### OHLCV 시계열
    open: 563.8132, high: 564.5246, low: 563.5563, close: 564.406, volume: 9698559.0
    
    ### 지시문
    당신은 미국 주식 시장을 분석하는 전문 애널리스트다.
    라벨에 포함된 사건의 성격(성장, 부진, 구조조정, 불확실성 등)을 임의 변형하거나 약화하지 않는다.
    출력은 반드시 두 문장으로 구성한다.
    첫 문장은 반드시 ""핵심 주제:""로 시작하며 하나의 문장으로 끝낸다.
    두 번째 문장은 분석 내용을 담되 하나의 문장으로 끝낸다.
    불필요한 반복을 금지하며, 문장을 절대로 늘이거나 이어붙이지 않는다.
    문장은 끝맺음이 확실해야 하며 출력은 반드시 총 두 문장으로 구성한다.
    
    ### 출력
    핵심 주제: 다양한 산업 분야에서 기업 활동이 활발히 진행되고 있으며, 많은 시장에서 높은 성장이 전망되고 있다.
    많은 기업들이 구조조정, 인수합병, 신규 임원 임명 등 전략적인 사업 활동을 통해 사업을 재편하고 있으며, 동시에 AI, 전기차 등 첨단 기술 기반의 신제품 및 솔루션 발표가 두드러진다. 동시에 주식 시장에서 높은 가격으로 기업들이 인수합병, 자본조달 등 사업 활동을 펼치며 사업을 재편하고 있다. 또한, 많은 산업 분야에서 높은 성장이 전망되며, 기업들은 전략적인 사업 활동을 통해 사업을 재편하고 있다. 동시에 주식 시장에서 높은 가격으로 기업들이 인수합병, 자본조달 등 사업 활동을 펼치며 사업을 재편하고 있다. 동시에 많은 기업들이","핵심 주제: 다양한 산업 분야에서 기업 활동이 활발히 진행되고 있으며, 많은 시장에서 높은 성장이 전망되고 있다.
많은 기업들이 구조조정, 인수합병, 신규 임원 임명 등 전략적인 사업 활동을 통해 사업을 재편하고 있으며, 동시에 AI, 전기차 등 첨단 기술 기반의 신제품 및 솔루션 발표가 두드러진다."
6,2024-10-16,34,0.6172388195991516,0.2348403930664062,4.664922587737316e-42,-1.9976630647721727e-40,-5.605193857299268e-43,0.0129283405840396,0.305660992860794,0.0752767845988273,"open: 575.393, high: 575.561, low: 575.1361, close: 575.2744, volume: 6372490.0","0.617239, 0.234840, 0.000000, -0.000000, -0.000000, 0.012928, 0.305661, 0.075277","
    ### 주어진 정보
    아래는 특정 기간 동안의 시장 패턴을 나타내는 VQ 코드와 해당 기간의 OHLCV 데이터이다.
    
    ### 코드북
    34
    
    ### 코드북 벡터
    0.617239, 0.234840, 0.000000, -0.000000, -0.000000, 0.012928, 0.305661, 0.075277
    
    ### OHLCV 시계열
    open: 575.393, high: 575.561, low: 575.1361, close: 575.2744, volume: 6372490.0
    
    ### 지시문
    당신은 미국 주식 시장을 분석하는 전문 애널리스트다.
    라벨에 포함된 사건의 성격(성장, 부진, 구조조정, 불확실성 등)을 임의 변형하거나 약화하지 않는다.
    출력은 반드시 두 문장으로 구성한다.
    첫 문장은 반드시 ""핵심 주제:""로 시작하며 하나의 문장으로 끝낸다.
    두 번째 문장은 분석 내용을 담되 하나의 문장으로 끝낸다.
    불필요한 반복을 금지하며, 문장을 절대로 늘이거나 이어붙이지 않는다.
    문장은 끝맺음이 확실해야 하며 출력은 반드시 총 두 문장으로 구성한다.
    
    ### 출력
    핵심 주제: 다양한 산업 분야의 기업 성장 전망 보고서가 발표되는 가운데, 기술 혁신과 시장 변동성으로 인한 기업 구조조정 또한 활발히 진행되고 있다.
    핵심 기업들은 주로 AI, 전기차 등 기술 분야의 기업 인수합병, 구조조정과 동시에 사업 분야의 전략적 재편을 통해 발전을 모색하고 있다. 동시에 다양한 산업 분야의 시장 성장 전망 보고서가 발표되는 가운데, 글로벌 경제 불확실성으로 인한 기업 대규모 인력 감축 또한 두드러진다.    







    ### 추가 출력 (선택)
   핵심 주제: 기업 활동 보고서, 기술 혁신 및 시장 성장 전망 보고서가 활발히 발표되는 가운데, 다양한 산업 분야의 기업 구조조정과 동시 대규모 인력 감축","핵심 주제: 다양한 산업 분야의 기업 성장 전망 보고서가 발표되는 가운데, 기술 혁신과 시장 변동성으로 인한 기업 구조조정 또한 활발히 진행되고 있다.
핵심 기업들은 주로 AI, 전기차 등 기술 분야의 기업 인수합병, 구조조정과 동시에 사업 분야의 전략적 재편을 통해 발전을 모색하고 있다."
7,2024-12-06,12,0.1234357729554176,0.2402987778186798,2.166500569404172e-20,-1.396367858550834e-30,1.3982020391267724e-05,0.3182082772254944,0.1128437295556068,0.6430491209030151,"open: 600.3508, high: 600.8448, low: 600.1829, close: 600.6077, volume: 4662213.0","0.123436, 0.240299, 0.000000, -0.000000, 0.000014, 0.318208, 0.112844, 0.643049","
    ### 주어진 정보
    아래는 특정 기간 동안의 시장 패턴을 나타내는 VQ 코드와 해당 기간의 OHLCV 데이터이다.
    
    ### 코드북
    12
    
    ### 코드북 벡터
    0.123436, 0.240299, 0.000000, -0.000000, 0.000014, 0.318208, 0.112844, 0.643049
    
    ### OHLCV 시계열
    open: 600.3508, high: 600.8448, low: 600.1829, close: 600.6077, volume: 4662213.0
    
    ### 지시문
    당신은 미국 주식 시장을 분석하는 전문 애널리스트다.
    라벨에 포함된 사건의 성격(성장, 부진, 구조조정, 불확실성 등)을 임의 변형하거나 약화하지 않는다.
    출력은 반드시 두 문장으로 구성한다.
    첫 문장은 반드시 ""핵심 주제:""로 시작하며 하나의 문장으로 끝낸다.
    두 번째 문장은 분석 내용을 담되 하나의 문장으로 끝낸다.
    불필요한 반복을 금지하며, 문장을 절대로 늘이거나 이어붙이지 않는다.
    문장은 끝맺음이 확실해야 하며 출력은 반드시 총 두 문장으로 구성한다.
    
    ### 출력
    핵심 주제: 미국 주식 시장의 활발한 성장세가 전망되지만, 일부 산업 분야의 부진과 구조조정 또한 나타나고 있다.
    다수의 기업들이 실적 발표와 동시에 성장 전망 보고서를 발표하며, 기술 혁신과 시장 성장으로 인한 높은 실적 성장이 전망된다. 또한, 다양한 산업 분야의 기업 구조조정과 인수합병가가 나타나지만, 일부 기업들의 실적 부진과 불확실한 시장 전망으로 인한 주식 시장 변동성 또한 나타나고 있다.    



    ### 추가 정보
   핵심 주제:핵심 주제: 기업 실적 발표와 기술 혁신 동향, 다양한 산업 분야의 시장 성장세와 구조조정, 주식 시장 변동성 등 기업 및 경제 뉴스.핵심 주제:핵심 주제","핵심 주제: 미국 주식 시장의 활발한 성장세가 전망되지만, 일부 산업 분야의 부진과 구조조정 또한 나타나고 있다.
다수의 기업들이 실적 발표와 동시에 성장 전망 보고서를 발표하며, 기술 혁신과 시장 성장으로 인한 높은 실적 성장이 전망된다."
8,2024-01-16,12,0.1234357729554176,0.2402987778186798,2.166500569404172e-20,-1.396367858550834e-30,1.3982020391267724e-05,0.3182082772254944,0.1128437221050262,0.6430491209030151,"open: 463.9893, high: 464.9779, low: 463.7201, close: 464.8702, volume: 12332012.0","0.123436, 0.240299, 0.000000, -0.000000, 0.000014, 0.318208, 0.112844, 0.643049","
    ### 주어진 정보
    아래는 특정 기간 동안의 시장 패턴을 나타내는 VQ 코드와 해당 기간의 OHLCV 데이터이다.
    
    ### 코드북
    12
    
    ### 코드북 벡터
    0.123436, 0.240299, 0.000000, -0.000000, 0.000014, 0.318208, 0.112844, 0.643049
    
    ### OHLCV 시계열
    open: 463.9893, high: 464.9779, low: 463.7201, close: 464.8702, volume: 12332012.0
    
    ### 지시문
    당신은 미국 주식 시장을 분석하는 전문 애널리스트다.
    라벨에 포함된 사건의 성격(성장, 부진, 구조조정, 불확실성 등)을 임의 변형하거나 약화하지 않는다.
    출력은 반드시 두 문장으로 구성한다.
    첫 문장은 반드시 ""핵심 주제:""로 시작하며 하나의 문장으로 끝낸다.
    두 번째 문장은 분석 내용을 담되 하나의 문장으로 끝낸다.
    불필요한 반복을 금지하며, 문장을 절대로 늘이거나 이어붙이지 않는다.
    문장은 끝맺음이 확실해야 하며 출력은 반드시 총 두 문장으로 구성한다.
    
    ### 출력
    핵심 주제: 다양한 산업 분야의 기업 활동과 시장 동향. 많은 기업들이 실적 발표와 동시에 구조조정, 인수합병, 신규 임원 임명 등 전략적인 사업 활동을 펼치며 未来 발전을 모색하고 있다.
    핵심 기업들은 실적 발표에 기반하여 기업 분석 보고서를 발표하고 있으며, 다양한 산업 분야의 시장 성장 전망 보고서도 다수 발표되었다. 동시에 기술 혁신과 기업 인수합병, 구조조정 등 활발한 사업 활동이 펼쳐지며 기업들의 未来 발전을 모색하고 있다. 또한, 많은 기업들이 실적 발표와 동시에 임원 임명, 신규 임원 발표, 보통 주식 소진 등 기업 활동을 펼치며 사업을 재편하고 있다.    



    ### 주석
   핵심 주제: 다양한 기업 활동과 시장","핵심 주제: 다양한 산업 분야의 기업 활동과 시장 동향.
많은 기업들이 실적 발표와 동시에 구조조정, 인수합병, 신규 임원 임명 등 전략적인 사업 활동을 펼치며 未来 발전을 모색하고 있다."
9,2024-02-14,22,0.4753470420837402,0.4186112880706787,-7.847271400218978e-44,-3.0036942444602057e-37,-5.581985768284058e-16,0.1382068544626236,0.0106926737353205,0.3293631374835968,"open: 487.4218, high: 488.4783, low: 486.9124, close: 488.0427, volume: 11190651.0","0.475347, 0.418611, -0.000000, -0.000000, -0.000000, 0.138207, 0.010693, 0.329363","
    ### 주어진 정보
    아래는 특정 기간 동안의 시장 패턴을 나타내는 VQ 코드와 해당 기간의 OHLCV 데이터이다.
    
    ### 코드북
    22
    
    ### 코드북 벡터
    0.475347, 0.418611, -0.000000, -0.000000, -0.000000, 0.138207, 0.010693, 0.329363
    
    ### OHLCV 시계열
    open: 487.4218, high: 488.4783, low: 486.9124, close: 488.0427, volume: 11190651.0
    
    ### 지시문
    당신은 미국 주식 시장을 분석하는 전문 애널리스트다.
    라벨에 포함된 사건의 성격(성장, 부진, 구조조정, 불확실성 등)을 임의 변형하거나 약화하지 않는다.
    출력은 반드시 두 문장으로 구성한다.
    첫 문장은 반드시 ""핵심 주제:""로 시작하며 하나의 문장으로 끝낸다.
    두 번째 문장은 분석 내용을 담되 하나의 문장으로 끝낸다.
    불필요한 반복을 금지하며, 문장을 절대로 늘이거나 이어붙이지 않는다.
    문장은 끝맺음이 확실해야 하며 출력은 반드시 총 두 문장으로 구성한다.
    
    ### 출력
    핵심 주제: 다양한 산업 분야에서 기업의 성장 전망과 기술 혁신 동향이 보고서와 분석자료를 통해 발표되었다. 동시에 미국 주식 시장의 불확실성과 구조조정, 여러 산업 분야의 기업 소싱 및 인수합병 활동이 전망되며 기업 리더십 변화가 두드러졌다.
    핵심 기업들은 기술 혁신을 통해 사업을 재편하고 있으며, 많은 기업들이 실적 발표와 동시에 성장 전망과_strategy 발표를 진행하고 있다. 동시에 다양한 산업 분야의 시장 성장 전망과 기술 동향이 보고서와 분석자료를 통해 발표되며, 기업 인수합병, 투자자 소싱 활동이 두드러졌다. 동시에 미국 주식 시장의 불확실성과 구조조정, 기업 리더십 변화가 두드러진 것으로 나타났다.    



    ### 감정","핵심 주제: 다양한 산업 분야에서 기업의 성장 전망과 기술 혁신 동향이 보고서와 분석자료를 통해 발표되었다.
동시에 미국 주식 시장의 불확실성과 구조조정, 여러 산업 분야의 기업 소싱 및 인수합병 활동이 전망되며 기업 리더십 변화가 두드러졌다."
10,2024-03-28,22,0.4753470420837402,0.4186112880706787,-7.847271400218978e-44,-3.0036942444602057e-37,-5.581985768284058e-16,0.1382068544626236,0.0106926737353205,0.3293631374835968,"open: 514.9353, high: 515.0826, low: 513.4331, close: 513.6197, volume: 17303027.0","0.475347, 0.418611, -0.000000, -0.000000, -0.000000, 0.138207, 0.010693, 0.329363","
    ### 주어진 정보
    아래는 특정 기간 동안의 시장 패턴을 나타내는 VQ 코드와 해당 기간의 OHLCV 데이터이다.
    
    ### 코드북
    22
    
    ### 코드북 벡터
    0.475347, 0.418611, -0.000000, -0.000000, -0.000000, 0.138207, 0.010693, 0.329363
    
    ### OHLCV 시계열
    open: 514.9353, high: 515.0826, low: 513.4331, close: 513.6197, volume: 17303027.0
    
    ### 지시문
    당신은 미국 주식 시장을 분석하는 전문 애널리스트다.
    라벨에 포함된 사건의 성격(성장, 부진, 구조조정, 불확실성 등)을 임의 변형하거나 약화하지 않는다.
    출력은 반드시 두 문장으로 구성한다.
    첫 문장은 반드시 ""핵심 주제:""로 시작하며 하나의 문장으로 끝낸다.
    두 번째 문장은 분석 내용을 담되 하나의 문장으로 끝낸다.
    불필요한 반복을 금지하며, 문장을 절대로 늘이거나 이어붙이지 않는다.
    문장은 끝맺음이 확실해야 하며 출력은 반드시 총 두 문장으로 구성한다.
    
    ### 출력
    핵심 주제: 미국 주식 시장의 성장 전망과 다양한 산업 분야의 기업 활동 동향.
     다양한 기업들이 발표한 실적과 전망, 기술 혁신 동향 등 기업 소식이 활발히 전해지며, 여러 산업 분야의 시장 성장 전망 보고서가 발표되었다. 동시에, 주식 시장의 변동성과 정리해고, 기업 구조조정 등 경제 불확실성으로 인한 기업 활동의 변화가 두드러졌다. 또한, 기술 혁신과 신소재 개발 등 기업의 혁신 활동이 활발히 전해지며, 많은 기업들이 인수합병, 투자 유치, 리더십 변화 등 전략적인 기업 활동을 펼쳤다. 동시에, 주식 시장의 변동성과 정리해고, 기업 구조조정 등 경제 불확실성으로 인한 기업 활동의 변화가 두","핵심 주제: 미국 주식 시장의 성장 전망과 다양한 산업 분야의 기업 활동 동향.
다양한 기업들이 발표한 실적과 전망, 기술 혁신 동향 등 기업 소식이 활발히 전해지며, 여러 산업 분야의 시장 성장 전망 보고서가 발표되었다."
11,2024-11-12,12,0.123435765504837,0.2402987778186798,2.166500569404172e-20,-1.396367858550834e-30,1.3982020391267724e-05,0.3182082772254944,0.1128437295556068,0.6430491209030151,"open: 590.2432, high: 590.421, low: 589.3737, close: 589.7294, volume: 6685200.0","0.123436, 0.240299, 0.000000, -0.000000, 0.000014, 0.318208, 0.112844, 0.643049","
    ### 주어진 정보
    아래는 특정 기간 동안의 시장 패턴을 나타내는 VQ 코드와 해당 기간의 OHLCV 데이터이다.
    
    ### 코드북
    12
    
    ### 코드북 벡터
    0.123436, 0.240299, 0.000000, -0.000000, 0.000014, 0.318208, 0.112844, 0.643049
    
    ### OHLCV 시계열
    open: 590.2432, high: 590.421, low: 589.3737, close: 589.7294, volume: 6685200.0
    
    ### 지시문
    당신은 미국 주식 시장을 분석하는 전문 애널리스트다.
    라벨에 포함된 사건의 성격(성장, 부진, 구조조정, 불확실성 등)을 임의 변형하거나 약화하지 않는다.
    출력은 반드시 두 문장으로 구성한다.
    첫 문장은 반드시 ""핵심 주제:""로 시작하며 하나의 문장으로 끝낸다.
    두 번째 문장은 분석 내용을 담되 하나의 문장으로 끝낸다.
    불필요한 반복을 금지하며, 문장을 절대로 늘이거나 이어붙이지 않는다.
    문장은 끝맺음이 확실해야 하며 출력은 반드시 총 두 문장으로 구성한다.
    
    ### 출력
    핵심 주제: 다양한 산업 분야의 기업 활동과 시장 동향. 많은 기업들이 실적 발표와 구조조정을 진행하며, 기술 혁신과 신규 임원 임명 등 기업 소식이 두드러진다.
    핵심 기업들은 실적 발표와 동시에 기업 활동 보고서를 진행하며, 다양한 산업 분야의 시장 성장 전망과 기술 혁신을 분석하는 보고서가 발표된다. 또한, 많은 기업들이 구조조정, 임원 임명 등 기업 소식을 전하며, 주식 시장의 변동성과 정부 정책 동향을 분석하는 기업 애널리스트의 보고서가 발표된다. 동시에, 기술 혁신과 신상품/서비스 발표가 두드러진다. 많은 기업들이 실적 발표와 동시에 기업 활동 보고서를 진행하며, 다양한 산업 분야의 시장 성장 전망과 기술 혁신을 분석하는 보고서가 발표된다","핵심 주제: 다양한 산업 분야의 기업 활동과 시장 동향.
많은 기업들이 실적 발표와 구조조정을 진행하며, 기술 혁신과 신규 임원 임명 등 기업 소식이 두드러진다."
12,2024-11-22,34,0.6172388195991516,0.2348403930664062,4.664922587737316e-42,-1.9976630647721727e-40,-5.605193857299268e-43,0.0129283405840396,0.305660992860794,0.0752767845988273,"open: 587.643, high: 588.9686, low: 587.5557, close: 588.3561, volume: 4825953.0","0.617239, 0.234840, 0.000000, -0.000000, -0.000000, 0.012928, 0.305661, 0.075277","
    ### 주어진 정보
    아래는 특정 기간 동안의 시장 패턴을 나타내는 VQ 코드와 해당 기간의 OHLCV 데이터이다.
    
    ### 코드북
    34
    
    ### 코드북 벡터
    0.617239, 0.234840, 0.000000, -0.000000, -0.000000, 0.012928, 0.305661, 0.075277
    
    ### OHLCV 시계열
    open: 587.643, high: 588.9686, low: 587.5557, close: 588.3561, volume: 4825953.0
    
    ### 지시문
    당신은 미국 주식 시장을 분석하는 전문 애널리스트다.
    라벨에 포함된 사건의 성격(성장, 부진, 구조조정, 불확실성 등)을 임의 변형하거나 약화하지 않는다.
    출력은 반드시 두 문장으로 구성한다.
    첫 문장은 반드시 ""핵심 주제:""로 시작하며 하나의 문장으로 끝낸다.
    두 번째 문장은 분석 내용을 담되 하나의 문장으로 끝낸다.
    불필요한 반복을 금지하며, 문장을 절대로 늘이거나 이어붙이지 않는다.
    문장은 끝맺음이 확실해야 하며 출력은 반드시 총 두 문장으로 구성한다.
    
    ### 출력
    핵심 주제: 미국 주식 시장의 성장 전망과 기업 구조조정 동향.
    다른 산업 분야의 기업들은 대규모 구조조정과 실리힐 기업 활동을 통해 재편을 모색 중이다. 동시에 AI, 전기차 등 기술 혁신으로 시장 성장 전망이 발표되는 가운데, 많은 기업들이 실적 발표와 임원 인사를 진행하고 있다. 또한, 주식 시장의 불확실성으로 인한 대규모 주식 거래가 활발히 진행되는 한편, 중앙 은행의 금리 대규모 인하가 전망되는 시장 전망 보고서가 발표되는 가운데, 많은 기업들은 기업 활동을 통해 재편을 모색 중이다.    



    ### 감정 분석
    감정 분석 결과, 출력된 문장들은 대체적으로 분석적이고 실리힐한 성향을 보인다.�","핵심 주제: 미국 주식 시장의 성장 전망과 기업 구조조정 동향.
다른 산업 분야의 기업들은 대규모 구조조정과 실리힐 기업 활동을 통해 재편을 모색 중이다."
13,2024-08-20,12,0.123435765504837,0.2402987778186798,2.166500569404172e-20,-1.396367858550834e-30,1.3982020391267724e-05,0.3182082772254944,0.1128437295556068,0.6430491209030151,"open: 550.296, high: 550.7885, low: 550.0301, close: 550.2468, volume: 5491835.0","0.123436, 0.240299, 0.000000, -0.000000, 0.000014, 0.318208, 0.112844, 0.643049","
    ### 주어진 정보
    아래는 특정 기간 동안의 시장 패턴을 나타내는 VQ 코드와 해당 기간의 OHLCV 데이터이다.
    
    ### 코드북
    12
    
    ### 코드북 벡터
    0.123436, 0.240299, 0.000000, -0.000000, 0.000014, 0.318208, 0.112844, 0.643049
    
    ### OHLCV 시계열
    open: 550.296, high: 550.7885, low: 550.0301, close: 550.2468, volume: 5491835.0
    
    ### 지시문
    당신은 미국 주식 시장을 분석하는 전문 애널리스트다.
    라벨에 포함된 사건의 성격(성장, 부진, 구조조정, 불확실성 등)을 임의 변형하거나 약화하지 않는다.
    출력은 반드시 두 문장으로 구성한다.
    첫 문장은 반드시 ""핵심 주제:""로 시작하며 하나의 문장으로 끝낸다.
    두 번째 문장은 분석 내용을 담되 하나의 문장으로 끝낸다.
    불필요한 반복을 금지하며, 문장을 절대로 늘이거나 이어붙이지 않는다.
    문장은 끝맺음이 확실해야 하며 출력은 반드시 총 두 문장으로 구성한다.
    
    ### 출력
    핵심 주제: 다양한 산업 분야에서 기업의 성장 전망과 기술 혁신이 활발히 진행되고 있으며, 많은 시장에서 높은 주가 변동성과 기업 활동이 나타나고 있다.
    핵심 기업들은 구조조정, 인수합병, 신규 임원 임명 등 활발한 경영 활동을 펼치며 사업을 재편하고 있으며, 기술 혁신과 다양한 시장 분야의 성장 전망을 기반으로 주주 대리인 임원 임명과 기업 실용 임원 임명이 두드러진다. 동시에 많은 기업들이 ESG 실적 보고와 사회 성장 분야의 투자 활동을 통해 기업 사회 책임을 실천하고 있다. 또한, 다양한 산업 분야의 기술 혁신과 기업 활동이 주식 시장에서 높은 주가 변동성과 기업 실적 보고를 통해 분석되고 있으며, 많은 기업들이 사업을 재편하고","핵심 주제: 다양한 산업 분야에서 기업의 성장 전망과 기술 혁신이 활발히 진행되고 있으며, 많은 시장에서 높은 주가 변동성과 기업 활동이 나타나고 있다.
핵심 기업들은 구조조정, 인수합병, 신규 임원 임명 등 활발한 경영 활동을 펼치며 사업을 재편하고 있으며, 기술 혁신과 다양한 시장 분야의 성장 전망을 기반으로 주주 대리인 임원 임명과 기업 실용 임원 임명이 두드러진다."
14,2024-04-10,12,0.1234357729554176,0.2402987778186798,2.166500569404172e-20,-1.396367858550834e-30,1.3982020391267724e-05,0.3182082772254944,0.1128437295556068,0.6430491209030151,"open: 504.9206, high: 505.657, low: 504.086, close: 504.8224, volume: 10876447.0","0.123436, 0.240299, 0.000000, -0.000000, 0.000014, 0.318208, 0.112844, 0.643049","
    ### 주어진 정보
    아래는 특정 기간 동안의 시장 패턴을 나타내는 VQ 코드와 해당 기간의 OHLCV 데이터이다.
    
    ### 코드북
    12
    
    ### 코드북 벡터
    0.123436, 0.240299, 0.000000, -0.000000, 0.000014, 0.318208, 0.112844, 0.643049
    
    ### OHLCV 시계열
    open: 504.9206, high: 505.657, low: 504.086, close: 504.8224, volume: 10876447.0
    
    ### 지시문
    당신은 미국 주식 시장을 분석하는 전문 애널리스트다.
    라벨에 포함된 사건의 성격(성장, 부진, 구조조정, 불확실성 등)을 임의 변형하거나 약화하지 않는다.
    출력은 반드시 두 문장으로 구성한다.
    첫 문장은 반드시 ""핵심 주제:""로 시작하며 하나의 문장으로 끝낸다.
    두 번째 문장은 분석 내용을 담되 하나의 문장으로 끝낸다.
    불필요한 반복을 금지하며, 문장을 절대로 늘이거나 이어붙이지 않는다.
    문장은 끝맺음이 확실해야 하며 출력은 반드시 총 두 문장으로 구성한다.
    
    ### 출력
    핵심 주제: 미국 주식 시장의 활발한 성장세가 전망되는 기업 보고서 발표 및 다양한 산업 분야의 기술 혁신. 동시에 일부 기업의 구조조정과 실적 부진이 보고되며, 주식 시장의 불확실성 또한 나타나지만, 많은 기업이 높은 실적 성장과 기술 혁신을 기반으로 전망되는 기업 가치 보고서를 발표하고 있다.
    핵심 주제 기업들은 주로 IT, 생명과학, 에너지 등 다양한 분야의 기술 혁신을 기반으로 높은 실적 성장과 기업 가치 보고서를 발표하고 있으며, 동시에 구조조정, 인수합병, 신규 임원 임명 등 기업 활동을 펼치고 있다. 또한, 다양한 산업 분야의 시장 보고서와 기술 트렌드 분석이 발표되는 가운데, 주식 시장의 불확실성 또한 나타나","핵심 주제: 미국 주식 시장의 활발한 성장세가 전망되는 기업 보고서 발표 및 다양한 산업 분야의 기술 혁신.
동시에 일부 기업의 구조조정과 실적 부진이 보고되며, 주식 시장의 불확실성 또한 나타나지만, 많은 기업이 높은 실적 성장과 기술 혁신을 기반으로 전망되는 기업 가치 보고서를 발표하고 있다."
15,2024-08-05,28,0.156045526266098,0.0882553830742836,-4.498412946732586e-21,6.80079949983683e-21,1.7215324987773784e-06,0.0866204723715782,0.2549857497215271,0.2671343386173248,"open: 508.7089, high: 509.9894, low: 507.1624, close: 509.6545, volume: 23112572.0","0.156046, 0.088255, -0.000000, 0.000000, 0.000002, 0.086620, 0.254986, 0.267134","
    ### 주어진 정보
    아래는 특정 기간 동안의 시장 패턴을 나타내는 VQ 코드와 해당 기간의 OHLCV 데이터이다.
    
    ### 코드북
    28
    
    ### 코드북 벡터
    0.156046, 0.088255, -0.000000, 0.000000, 0.000002, 0.086620, 0.254986, 0.267134
    
    ### OHLCV 시계열
    open: 508.7089, high: 509.9894, low: 507.1624, close: 509.6545, volume: 23112572.0
    
    ### 지시문
    당신은 미국 주식 시장을 분석하는 전문 애널리스트다.
    라벨에 포함된 사건의 성격(성장, 부진, 구조조정, 불확실성 등)을 임의 변형하거나 약화하지 않는다.
    출력은 반드시 두 문장으로 구성한다.
    첫 문장은 반드시 ""핵심 주제:""로 시작하며 하나의 문장으로 끝낸다.
    두 번째 문장은 분석 내용을 담되 하나의 문장으로 끝낸다.
    불필요한 반복을 금지하며, 문장을 절대로 늘이거나 이어붙이지 않는다.
    문장은 끝맺음이 확실해야 하며 출력은 반드시 총 두 문장으로 구성한다.
    
    ### 출력
    핵심 주제: 다양한 산업 분야에서 기업의 성장 전망과 실적 발표가 활발히 진행되고 있으며, 많은 시장에서 높은 주주 대출 비용과 불확실성으로 인한 기업 구조조정 또한 나타나고 있다.
    핵심 기업들은 전략적인 인력 파트너링, 신규 임원 임명, 사업 분야의 투자자 대면 등 활발한 경영 활동을 통해 발전을 모색하고 있다. 동시에 AI, 전기차 등 첨단 기술 기반의 기업 성장 전망과 다양한 산업 분야의 시장 분석 보고서가 발표되며, 기업들의 실적 발표와 동종 산업 분야의 뉴스가 주로 전해진다.    



    ### 추가 정보
   핵심 기업들의 기업 전략 발표, 다양한 산업 분야의 시장 성장 전망 보고서, 기업 실적 발표와 동종 산업 분야의 뉴스 등 기업","핵심 주제: 다양한 산업 분야에서 기업의 성장 전망과 실적 발표가 활발히 진행되고 있으며, 많은 시장에서 높은 주주 대출 비용과 불확실성으로 인한 기업 구조조정 또한 나타나고 있다.
핵심 기업들은 전략적인 인력 파트너링, 신규 임원 임명, 사업 분야의 투자자 대면 등 활발한 경영 활동을 통해 발전을 모색하고 있다."
16,2024-10-11,34,0.6172388195991516,0.2348403930664062,4.664922587737316e-42,-1.9976630647721727e-40,-5.605193857299268e-43,0.0129283405840396,0.3056609630584717,0.0752767845988273,"open: 573.1156, high: 573.3774, low: 572.5277, close: 572.6166, volume: 6601195.0","0.617239, 0.234840, 0.000000, -0.000000, -0.000000, 0.012928, 0.305661, 0.075277","
    ### 주어진 정보
    아래는 특정 기간 동안의 시장 패턴을 나타내는 VQ 코드와 해당 기간의 OHLCV 데이터이다.
    
    ### 코드북
    34
    
    ### 코드북 벡터
    0.617239, 0.234840, 0.000000, -0.000000, -0.000000, 0.012928, 0.305661, 0.075277
    
    ### OHLCV 시계열
    open: 573.1156, high: 573.3774, low: 572.5277, close: 572.6166, volume: 6601195.0
    
    ### 지시문
    당신은 미국 주식 시장을 분석하는 전문 애널리스트다.
    라벨에 포함된 사건의 성격(성장, 부진, 구조조정, 불확실성 등)을 임의 변형하거나 약화하지 않는다.
    출력은 반드시 두 문장으로 구성한다.
    첫 문장은 반드시 ""핵심 주제:""로 시작하며 하나의 문장으로 끝낸다.
    두 번째 문장은 분석 내용을 담되 하나의 문장으로 끝낸다.
    불필요한 반복을 금지하며, 문장을 절대로 늘이거나 이어붙이지 않는다.
    문장은 끝맺음이 확실해야 하며 출력은 반드시 총 두 문장으로 구성한다.
    
    ### 출력
    핵심 주제: 다양한 산업 분야에서 기업 활동이 활발히 전개되고 있으며, 많은 시장에서 높은 성장이 전망되고 있다.
     동시에 기업 구조조정, 인수합병, 신규 임원 임명 등 활발한 경영 활동이 이루어지는 가운데, 기술 혁신과 다양한 산업 분야의 분석 보고서가 발표되는 등 경제 정리와 기업 경영 전략에 대한 주시가 활발히 이루어지고 있다.    
    핵심 주제:핵심 주제: 다양한 산업 분야에서 기업 활동이 활발히 전개되고 있으며, 많은 시장에서 높은 성장이 전망되고 있다.
     동시에 기업 구조조정, 인수합병, 신규 임원 임명 등 활발한 경영 활동이 이루어지는 가운데, 기술 혁신과 다양한 산업 분야의 분석 보고서가 발표되는 등 경제 정리와 기업 경영 전략에","핵심 주제: 다양한 산업 분야에서 기업 활동이 활발히 전개되고 있으며, 많은 시장에서 높은 성장이 전망되고 있다.
동시에 기업 구조조정, 인수합병, 신규 임원 임명 등 활발한 경영 활동이 이루어지는 가운데, 기술 혁신과 다양한 산업 분야의 분석 보고서가 발표되는 등 경제 정리와 기업 경영 전략에 대한 주시가 활발히 이루어지고 있다."
17,2024-01-24,50,0.0953757539391517,0.2696640491485595,-2.525792058451542e-32,6.698653125451043e-16,-1.3570174328521529e-41,0.1087852269411087,0.5772969126701355,0.5032516121864319,"open: 475.2159, high: 476.0772, low: 474.7167, close: 475.0201, volume: 16348106.0","0.095376, 0.269664, -0.000000, 0.000000, -0.000000, 0.108785, 0.577297, 0.503252","
    ### 주어진 정보
    아래는 특정 기간 동안의 시장 패턴을 나타내는 VQ 코드와 해당 기간의 OHLCV 데이터이다.
    
    ### 코드북
    50
    
    ### 코드북 벡터
    0.095376, 0.269664, -0.000000, 0.000000, -0.000000, 0.108785, 0.577297, 0.503252
    
    ### OHLCV 시계열
    open: 475.2159, high: 476.0772, low: 474.7167, close: 475.0201, volume: 16348106.0
    
    ### 지시문
    당신은 미국 주식 시장을 분석하는 전문 애널리스트다.
    라벨에 포함된 사건의 성격(성장, 부진, 구조조정, 불확실성 등)을 임의 변형하거나 약화하지 않는다.
    출력은 반드시 두 문장으로 구성한다.
    첫 문장은 반드시 ""핵심 주제:""로 시작하며 하나의 문장으로 끝낸다.
    두 번째 문장은 분석 내용을 담되 하나의 문장으로 끝낸다.
    불필요한 반복을 금지하며, 문장을 절대로 늘이거나 이어붙이지 않는다.
    문장은 끝맺음이 확실해야 하며 출력은 반드시 총 두 문장으로 구성한다.
    
    ### 출력
    핵심 주제: 다양한 산업 분야에서 기업의 성장 전망과 기술 혁신 동향이 보고서와 언론 기사에서 발표되었다.
    여러 기업들은 실적 발표와 동시에 사업을 재편하고 기술 인수를 진행하며 발전을 모색하고 있다. 또한, 다양한 산업 분야의 시장 성장 전망 보고서가 발표되는 가운데, 글로벌 경기 불확실성으로 인한 기술 기업들의 대규모 구조조정 또한 두드러진다.    



    ### 추가 정보
    추가 정보가 필요하면 기업의 실적 발표, 기술 혁신 동향, 산업 시장 성장 전망 보고서 등 다양한 기업 및 시장 정보 소식을 파악하는 것이 좋다. 또한, 기업 리더의 전략 발표, 기술 기업들의 인수합병과 파트너십, 주식 시장 변동성 등 실시간 경제 소식을 파악하는 것이 기업 활동","핵심 주제: 다양한 산업 분야에서 기업의 성장 전망과 기술 혁신 동향이 보고서와 언론 기사에서 발표되었다.
여러 기업들은 실적 발표와 동시에 사업을 재편하고 기술 인수를 진행하며 발전을 모색하고 있다."
18,2024-05-28,50,0.0953757539391517,0.2696640491485595,-2.525792058451542e-32,6.698653125451043e-16,-1.3570174328521529e-41,0.1087852269411087,0.5772969126701355,0.5032516121864319,"open: 518.7547, high: 520.2765, low: 518.6958, close: 520.2471, volume: 6522504.0","0.095376, 0.269664, -0.000000, 0.000000, -0.000000, 0.108785, 0.577297, 0.503252","
    ### 주어진 정보
    아래는 특정 기간 동안의 시장 패턴을 나타내는 VQ 코드와 해당 기간의 OHLCV 데이터이다.
    
    ### 코드북
    50
    
    ### 코드북 벡터
    0.095376, 0.269664, -0.000000, 0.000000, -0.000000, 0.108785, 0.577297, 0.503252
    
    ### OHLCV 시계열
    open: 518.7547, high: 520.2765, low: 518.6958, close: 520.2471, volume: 6522504.0
    
    ### 지시문
    당신은 미국 주식 시장을 분석하는 전문 애널리스트다.
    라벨에 포함된 사건의 성격(성장, 부진, 구조조정, 불확실성 등)을 임의 변형하거나 약화하지 않는다.
    출력은 반드시 두 문장으로 구성한다.
    첫 문장은 반드시 ""핵심 주제:""로 시작하며 하나의 문장으로 끝낸다.
    두 번째 문장은 분석 내용을 담되 하나의 문장으로 끝낸다.
    불필요한 반복을 금지하며, 문장을 절대로 늘이거나 이어붙이지 않는다.
    문장은 끝맺음이 확실해야 하며 출력은 반드시 총 두 문장으로 구성한다.
    
    ### 출력
    핵심 주제: 다양한 산업 분야에서 기업의 성장 전망과 실적 발표가 활발히 진행되고 있으며, 많은 시장에서 높은 주식 가격이 유지되고 있다.
    동시에 기술 혁신과 기업 구조조정 등 경제 불확실성으로 인한 주식 시장 변동성 또한 두드러진다. 또한, 많은 기업들이 인수합병, 투자 유치, 리더십 변화 등 전략적인 사업 활동을 펼치며 未來 성장을 모색하고 있다.    



    ### 추가 정보
    다양한 산업 분야에서 기업의 실적 발표가 활발히 진행되고 있으며, 많은 시장에서 높은 주식 가격이 유지되고 있다. 동시에 기술 혁신과 기업 구조조정 등 경제 불확실성으로 인한 주식 시장 변동성 또한 두드러진다. 또한, 많은 기업들이 인수합병, 투자 유치, 리","핵심 주제: 다양한 산업 분야에서 기업의 성장 전망과 실적 발표가 활발히 진행되고 있으며, 많은 시장에서 높은 주식 가격이 유지되고 있다.
동시에 기술 혁신과 기업 구조조정 등 경제 불확실성으로 인한 주식 시장 변동성 또한 두드러진다."
19,2024-02-06,22,0.4753470420837402,0.4186112880706787,-7.847271400218978e-44,-3.0036942444602057e-37,-5.581985768284058e-16,0.1382068544626236,0.0106926737353205,0.3293631374835968,"open: 482.6937, high: 483.5551, low: 482.1799, close: 483.4865, volume: 6657456.0","0.475347, 0.418611, -0.000000, -0.000000, -0.000000, 0.138207, 0.010693, 0.329363","
    ### 주어진 정보
    아래는 특정 기간 동안의 시장 패턴을 나타내는 VQ 코드와 해당 기간의 OHLCV 데이터이다.
    
    ### 코드북
    22
    
    ### 코드북 벡터
    0.475347, 0.418611, -0.000000, -0.000000, -0.000000, 0.138207, 0.010693, 0.329363
    
    ### OHLCV 시계열
    open: 482.6937, high: 483.5551, low: 482.1799, close: 483.4865, volume: 6657456.0
    
    ### 지시문
    당신은 미국 주식 시장을 분석하는 전문 애널리스트다.
    라벨에 포함된 사건의 성격(성장, 부진, 구조조정, 불확실성 등)을 임의 변형하거나 약화하지 않는다.
    출력은 반드시 두 문장으로 구성한다.
    첫 문장은 반드시 ""핵심 주제:""로 시작하며 하나의 문장으로 끝낸다.
    두 번째 문장은 분석 내용을 담되 하나의 문장으로 끝낸다.
    불필요한 반복을 금지하며, 문장을 절대로 늘이거나 이어붙이지 않는다.
    문장은 끝맺음이 확실해야 하며 출력은 반드시 총 두 문장으로 구성한다.
    
    ### 출력
    핵심 주제: 미국 주식 시장에서 다양한 산업 분야의 성장세가 전망되며, 기업 구조조정, 인수합병 등 활발한 경영 활동이 펼쳐진다.
    핵심 기업들은 실적 발표, 신제품/기술 발표, 인수합병, 구조조정 등 기업 경영 활동을 통해 발전을 모색하고 있다. 동시에 다양한 산업 분야의 성장세가 전망되며, 주식 시장에서 높은 대규모 인력 감축이 두드러진다. 또한, 정리해고와 기업 구조조정으로 인한 실적 불확실성과 여러 산업 분야의 기술 혁신이 기업들의 경영 활동을 다양하게 펼치게 한다.    



    ### 추가 출력
   핵심 주제: 기업들은 실적 발표, 신제품/기술 발표, 인수합병, 구조조정","핵심 주제: 미국 주식 시장에서 다양한 산업 분야의 성장세가 전망되며, 기업 구조조정, 인수합병 등 활발한 경영 활동이 펼쳐진다.
핵심 기업들은 실적 발표, 신제품/기술 발표, 인수합병, 구조조정 등 기업 경영 활동을 통해 발전을 모색하고 있다."
20,2024-05-06,22,0.4753470420837402,0.4186112880706787,-7.847271400218978e-44,-3.0036942444602057e-37,-5.581985768284058e-16,0.1382068544626236,0.0106926737353205,0.3293631374835968,"open: 505.7551, high: 507.2279, low: 505.5784, close: 507.2181, volume: 9175163.0","0.475347, 0.418611, -0.000000, -0.000000, -0.000000, 0.138207, 0.010693, 0.329363","
    ### 주어진 정보
    아래는 특정 기간 동안의 시장 패턴을 나타내는 VQ 코드와 해당 기간의 OHLCV 데이터이다.
    
    ### 코드북
    22
    
    ### 코드북 벡터
    0.475347, 0.418611, -0.000000, -0.000000, -0.000000, 0.138207, 0.010693, 0.329363
    
    ### OHLCV 시계열
    open: 505.7551, high: 507.2279, low: 505.5784, close: 507.2181, volume: 9175163.0
    
    ### 지시문
    당신은 미국 주식 시장을 분석하는 전문 애널리스트다.
    라벨에 포함된 사건의 성격(성장, 부진, 구조조정, 불확실성 등)을 임의 변형하거나 약화하지 않는다.
    출력은 반드시 두 문장으로 구성한다.
    첫 문장은 반드시 ""핵심 주제:""로 시작하며 하나의 문장으로 끝낸다.
    두 번째 문장은 분석 내용을 담되 하나의 문장으로 끝낸다.
    불필요한 반복을 금지하며, 문장을 절대로 늘이거나 이어붙이지 않는다.
    문장은 끝맺음이 확실해야 하며 출력은 반드시 총 두 문장으로 구성한다.
    
    ### 출력
    핵심 주제: 미국 주식 시장의 활발한 활동과 다양한 산업 분야의 성장세.
    핵심 기업들의 실적 발표, 구조조정, 인수합병 등 기업 소식과 파트너십, 임원 인사 등 경제 및 기업 관련 뉴스가 풍부히 발표되며, 다양한 산업 분야의 시장 성장 전망 보고서 또한 발표되었다. 동시에 주식 시장의 변동성과 기업 실적 부진으로 인한 시장 불확실성 또한 두드러졌다.    



    ### 추가 정보
    추가 정보는 없습니다.    



    ### 코드북 수정
    코드북을 수정하여핵심 기업들의 실적 발표, 구조조정, 인수합병 등 기업 소식과 파트너십, 임원 인사 등 경제 및 기업 관련 뉴스가 풍부히 발표되며, 다양한 산업 분야의 시장 성장 전망 보고서 또한 발표되었다","핵심 주제: 미국 주식 시장의 활발한 활동과 다양한 산업 분야의 성장세.
핵심 기업들의 실적 발표, 구조조정, 인수합병 등 기업 소식과 파트너십, 임원 인사 등 경제 및 기업 관련 뉴스가 풍부히 발표되며, 다양한 산업 분야의 시장 성장 전망 보고서 또한 발표되었다."
21,2024-01-30,22,0.4753470420837402,0.4186112880706787,-7.847271400218978e-44,-3.0036942444602057e-37,-5.581985768284058e-16,0.1382068544626236,0.0106926746666431,0.3293631374835968,"open: 480.9466, high: 481.0102, low: 480.3055, close: 480.4425, volume: 8971678.0","0.475347, 0.418611, -0.000000, -0.000000, -0.000000, 0.138207, 0.010693, 0.329363","
    ### 주어진 정보
    아래는 특정 기간 동안의 시장 패턴을 나타내는 VQ 코드와 해당 기간의 OHLCV 데이터이다.
    
    ### 코드북
    22
    
    ### 코드북 벡터
    0.475347, 0.418611, -0.000000, -0.000000, -0.000000, 0.138207, 0.010693, 0.329363
    
    ### OHLCV 시계열
    open: 480.9466, high: 481.0102, low: 480.3055, close: 480.4425, volume: 8971678.0
    
    ### 지시문
    당신은 미국 주식 시장을 분석하는 전문 애널리스트다.
    라벨에 포함된 사건의 성격(성장, 부진, 구조조정, 불확실성 등)을 임의 변형하거나 약화하지 않는다.
    출력은 반드시 두 문장으로 구성한다.
    첫 문장은 반드시 ""핵심 주제:""로 시작하며 하나의 문장으로 끝낸다.
    두 번째 문장은 분석 내용을 담되 하나의 문장으로 끝낸다.
    불필요한 반복을 금지하며, 문장을 절대로 늘이거나 이어붙이지 않는다.
    문장은 끝맺음이 확실해야 하며 출력은 반드시 총 두 문장으로 구성한다.
    
    ### 출력
    핵심 주제: 미국 주식 시장의 활발한 성장이 전망되는 가운데, 기업들은 구조조정, 인수합병 등 전략적인 사업 활동을 펼치며 자본을 재편하고 있다.
     다양한 산업 분야의 시장 성장 전망 보고서가 발표되는 가운데, 기술 기업들의 주식 가치가 두 자릿수 성장세를 나타내지만, 일부 기업의 실적 부진과 정리해고가 두드러진다.    



    ### 추가 출력 (선택)
    추가 출력은 선택적으로 제공할 수 있다. 다양한 산업 분야의 시장 성장 전망 보고서, 기업들의 구조조정, 인수합병 및 인력 대규모 정리해고 등 기업 활동과 실적 발표, 주식 시장의 변동성 등 경제 뉴스와 정보를 제공할 수 있다.
    또한, 기술 혁신과 시장 트렌드","핵심 주제: 미국 주식 시장의 활발한 성장이 전망되는 가운데, 기업들은 구조조정, 인수합병 등 전략적인 사업 활동을 펼치며 자본을 재편하고 있다.
다양한 산업 분야의 시장 성장 전망 보고서가 발표되는 가운데, 기술 기업들의 주식 가치가 두 자릿수 성장세를 나타내지만, 일부 기업의 실적 부진과 정리해고가 두드러진다."
22,2024-06-20,12,0.1234357729554176,0.2402987778186798,2.166500569404172e-20,-1.396367858550834e-30,1.3982020391267724e-05,0.3182082772254944,0.1128437221050262,0.6430491209030151,"open: 537.2231, high: 537.8122, low: 536.6536, close: 537.0169, volume: 12127651.0","0.123436, 0.240299, 0.000000, -0.000000, 0.000014, 0.318208, 0.112844, 0.643049","
    ### 주어진 정보
    아래는 특정 기간 동안의 시장 패턴을 나타내는 VQ 코드와 해당 기간의 OHLCV 데이터이다.
    
    ### 코드북
    12
    
    ### 코드북 벡터
    0.123436, 0.240299, 0.000000, -0.000000, 0.000014, 0.318208, 0.112844, 0.643049
    
    ### OHLCV 시계열
    open: 537.2231, high: 537.8122, low: 536.6536, close: 537.0169, volume: 12127651.0
    
    ### 지시문
    당신은 미국 주식 시장을 분석하는 전문 애널리스트다.
    라벨에 포함된 사건의 성격(성장, 부진, 구조조정, 불확실성 등)을 임의 변형하거나 약화하지 않는다.
    출력은 반드시 두 문장으로 구성한다.
    첫 문장은 반드시 ""핵심 주제:""로 시작하며 하나의 문장으로 끝낸다.
    두 번째 문장은 분석 내용을 담되 하나의 문장으로 끝낸다.
    불필요한 반복을 금지하며, 문장을 절대로 늘이거나 이어붙이지 않는다.
    문장은 끝맺음이 확실해야 하며 출력은 반드시 총 두 문장으로 구성한다.
    
    ### 출력
    핵심 주제: 미국 주식 시장의 활발한 성장이 전망되는 가운데, 다양한 산업 분야의 기업들은 구조조정, 인수합병, 신규 임원 임명 등 전략적인 사업 활동을 펼치며 未来를 준비하고 있다.
    핵심 기업들은 기술 혁신과 시장 성장세를 기반으로 사업을 리더십과 동시에 다양한 산업 분야의 기업들은 구조조정, 인수합병, 신규 임원 임명 등 전략적인 사업 활동을 펼치며 未来를 준비하고 있다. 또한, 주식 시장의 활발한 성장세와 함께 기업들은 대규모 인력 감축과 같은 사업 비용을 최소화하며 실적을 개선하고 있다. 동시에, 다양한 산업 분야의 기술 혁신과 시장 성장세가 전망되는 가운데, 기업들은 인수합병, 구조조정, 신규","핵심 주제: 미국 주식 시장의 활발한 성장이 전망되는 가운데, 다양한 산업 분야의 기업들은 구조조정, 인수합병, 신규 임원 임명 등 전략적인 사업 활동을 펼치며 未来를 준비하고 있다.
핵심 기업들은 기술 혁신과 시장 성장세를 기반으로 사업을 리더십과 동시에 다양한 산업 분야의 기업들은 구조조정, 인수합병, 신규 임원 임명 등 전략적인 사업 활동을 펼치며 未来를 준비하고 있다."
23,2024-07-01,22,0.4753470420837402,0.4186112880706787,-7.847271400218978e-44,-3.0036942444602057e-37,-5.581985768284058e-16,0.1382068544626236,0.0106926709413528,0.3293631374835968,"open: 536.1907, high: 537.6978, low: 536.1311, close: 537.1954, volume: 6255393.0","0.475347, 0.418611, -0.000000, -0.000000, -0.000000, 0.138207, 0.010693, 0.329363","
    ### 주어진 정보
    아래는 특정 기간 동안의 시장 패턴을 나타내는 VQ 코드와 해당 기간의 OHLCV 데이터이다.
    
    ### 코드북
    22
    
    ### 코드북 벡터
    0.475347, 0.418611, -0.000000, -0.000000, -0.000000, 0.138207, 0.010693, 0.329363
    
    ### OHLCV 시계열
    open: 536.1907, high: 537.6978, low: 536.1311, close: 537.1954, volume: 6255393.0
    
    ### 지시문
    당신은 미국 주식 시장을 분석하는 전문 애널리스트다.
    라벨에 포함된 사건의 성격(성장, 부진, 구조조정, 불확실성 등)을 임의 변형하거나 약화하지 않는다.
    출력은 반드시 두 문장으로 구성한다.
    첫 문장은 반드시 ""핵심 주제:""로 시작하며 하나의 문장으로 끝낸다.
    두 번째 문장은 분석 내용을 담되 하나의 문장으로 끝낸다.
    불필요한 반복을 금지하며, 문장을 절대로 늘이거나 이어붙이지 않는다.
    문장은 끝맺음이 확실해야 하며 출력은 반드시 총 두 문장으로 구성한다.
    
    ### 출력
    핵심 주제: 다양한 산업 분야의 기업 성장 전망과 기술 혁신 동향.
     많은 기업들이 실적 발표와 동시에 전략적인 구조조정, 인수합병, 신규 임원 임명 등 활발한 경영 활동을 펼치며 未來 성장을 모색하고 있다. 동시에 AI, 전기차 등 기술 혁신과 다양한 산업 분야의 성장 전망 보고서가 발표되는 가운데, 주식 시장 또한 활발한 변동성으로 나타나지만, 많은 기업들의 실적 성장과 파트너십, 인수합병 등 기업 경영 활동으로 시장 불확실성은 상당 부분 해소되고 있다.    



    ### 추가 출력
    없음.    



    ### 총 출력
   핵심 주제: 다양한 산업 분야의 기업 성장 전망과 기술 혁신 동향.
     많은 기업들이 실적","핵심 주제: 다양한 산업 분야의 기업 성장 전망과 기술 혁신 동향.
많은 기업들이 실적 발표와 동시에 전략적인 구조조정, 인수합병, 신규 임원 임명 등 활발한 경영 활동을 펼치며 未來 성장을 모색하고 있다."
24,2024-02-20,12,0.123435765504837,0.2402987778186798,2.166500569404172e-20,-1.396367858550834e-30,1.3982020391267724e-05,0.3182082772254944,0.1128437295556068,0.6430491209030151,"open: 486.1782, high: 486.2907, low: 484.5926, close: 486.1978, volume: 15456135.0","0.123436, 0.240299, 0.000000, -0.000000, 0.000014, 0.318208, 0.112844, 0.643049","
    ### 주어진 정보
    아래는 특정 기간 동안의 시장 패턴을 나타내는 VQ 코드와 해당 기간의 OHLCV 데이터이다.
    
    ### 코드북
    12
    
    ### 코드북 벡터
    0.123436, 0.240299, 0.000000, -0.000000, 0.000014, 0.318208, 0.112844, 0.643049
    
    ### OHLCV 시계열
    open: 486.1782, high: 486.2907, low: 484.5926, close: 486.1978, volume: 15456135.0
    
    ### 지시문
    당신은 미국 주식 시장을 분석하는 전문 애널리스트다.
    라벨에 포함된 사건의 성격(성장, 부진, 구조조정, 불확실성 등)을 임의 변형하거나 약화하지 않는다.
    출력은 반드시 두 문장으로 구성한다.
    첫 문장은 반드시 ""핵심 주제:""로 시작하며 하나의 문장으로 끝낸다.
    두 번째 문장은 분석 내용을 담되 하나의 문장으로 끝낸다.
    불필요한 반복을 금지하며, 문장을 절대로 늘이거나 이어붙이지 않는다.
    문장은 끝맺음이 확실해야 하며 출력은 반드시 총 두 문장으로 구성한다.
    
    ### 출력
    핵심 주제: 미국 주식 시장의 성장 전망과 기업 구조조정 동향.
    핵심 기업들은 실적 발표와 동시에 구조조정, 인수합병, 신규 임원 임명 등 활발한 사업 활동을 펼치며 기업 가치를 재편하는 한편, 다양한 산업 분야의 성장 전망 보고서를 발표하고 파트너십, 인수합병 등의 기업 소식이 다중 산업 분야 전 구간으로 보고되지만, 일부 기업의 실적 부진과 불확실성으로 인한 주식 시장 변동성 또한 나타나고 있다.    
    ### 추가 출력
   핵심 주제: 기업 실적 발표, 구조조정, 인수합병 동향과 다양한 산업 분야의 성장 전망.
    핵심 기업들은 실적 발표와 동시에 구조조정, 인수합병, 신규 임원 임명 등","핵심 주제: 미국 주식 시장의 성장 전망과 기업 구조조정 동향.
핵심 기업들은 실적 발표와 동시에 구조조정, 인수합병, 신규 임원 임명 등 활발한 사업 활동을 펼치며 기업 가치를 재편하는 한편, 다양한 산업 분야의 성장 전망 보고서를 발표하고 파트너십, 인수합병 등의 기업 소식이 다중 산업 분야 전 구간으로 보고되지만, 일부 기업의 실적 부진과 불확실성으로 인한 주식 시장 변동성 또한 나타나고 있다."
25,2024-12-17,50,0.0953757539391517,0.2696640491485595,-2.525792058451542e-32,6.698653125451043e-16,-1.3570174328521529e-41,0.1087852269411087,0.5772969126701355,0.5032516121864319,"open: 595.875, high: 597.5053, low: 595.7466, close: 597.0113, volume: 7712004.0","0.095376, 0.269664, -0.000000, 0.000000, -0.000000, 0.108785, 0.577297, 0.503252","
    ### 주어진 정보
    아래는 특정 기간 동안의 시장 패턴을 나타내는 VQ 코드와 해당 기간의 OHLCV 데이터이다.
    
    ### 코드북
    50
    
    ### 코드북 벡터
    0.095376, 0.269664, -0.000000, 0.000000, -0.000000, 0.108785, 0.577297, 0.503252
    
    ### OHLCV 시계열
    open: 595.875, high: 597.5053, low: 595.7466, close: 597.0113, volume: 7712004.0
    
    ### 지시문
    당신은 미국 주식 시장을 분석하는 전문 애널리스트다.
    라벨에 포함된 사건의 성격(성장, 부진, 구조조정, 불확실성 등)을 임의 변형하거나 약화하지 않는다.
    출력은 반드시 두 문장으로 구성한다.
    첫 문장은 반드시 ""핵심 주제:""로 시작하며 하나의 문장으로 끝낸다.
    두 번째 문장은 분석 내용을 담되 하나의 문장으로 끝낸다.
    불필요한 반복을 금지하며, 문장을 절대로 늘이거나 이어붙이지 않는다.
    문장은 끝맺음이 확실해야 하며 출력은 반드시 총 두 문장으로 구성한다.
    
    ### 출력
    핵심 주제: 미국 주식 시장에서 다양한 산업 분야의 성장세가 전망되며, 기업 구조조정, 인수합병 등 활발한 경영 활동이 진행되고 있다.
    여러 기업들은 실적 발표와 동시에 기업 전략 발표, 신규 임원 임명 등 경영 활동을 펼치며 未来 성장 전망을 전달하고 있다. 동시에 다양한 산업 분야의 기술 혁신이 진행되고 있으며, 많은 기업들의 실적이 발표되지만, 일부 기업의 실적 부진과 동시에 구조조정, 인수합병 등 기업 경영 활동이 활발하게 진행되고 있다. 또한, 주식 시장의 변동성과 동시에 기업들은 실적 발표와 동시에 기업 전략 발표, 신규 임원 임명 등 경영 활동을 펼치며 未来 성장 전망을 전달하고 있다.    



### 주어진 정보","핵심 주제: 미국 주식 시장에서 다양한 산업 분야의 성장세가 전망되며, 기업 구조조정, 인수합병 등 활발한 경영 활동이 진행되고 있다.
여러 기업들은 실적 발표와 동시에 기업 전략 발표, 신규 임원 임명 등 경영 활동을 펼치며 未来 성장 전망을 전달하고 있다."
26,2024-09-27,50,0.0953757539391517,0.2696640491485595,-2.525792058451542e-32,6.698653125451043e-16,-1.3570174328521529e-41,0.1087852269411087,0.5772969126701355,0.5032516121864319,"open: 565.1273, high: 565.2699, low: 564.4851, close: 564.574, volume: 6650402.0","0.095376, 0.269664, -0.000000, 0.000000, -0.000000, 0.108785, 0.577297, 0.503252","
    ### 주어진 정보
    아래는 특정 기간 동안의 시장 패턴을 나타내는 VQ 코드와 해당 기간의 OHLCV 데이터이다.
    
    ### 코드북
    50
    
    ### 코드북 벡터
    0.095376, 0.269664, -0.000000, 0.000000, -0.000000, 0.108785, 0.577297, 0.503252
    
    ### OHLCV 시계열
    open: 565.1273, high: 565.2699, low: 564.4851, close: 564.574, volume: 6650402.0
    
    ### 지시문
    당신은 미국 주식 시장을 분석하는 전문 애널리스트다.
    라벨에 포함된 사건의 성격(성장, 부진, 구조조정, 불확실성 등)을 임의 변형하거나 약화하지 않는다.
    출력은 반드시 두 문장으로 구성한다.
    첫 문장은 반드시 ""핵심 주제:""로 시작하며 하나의 문장으로 끝낸다.
    두 번째 문장은 분석 내용을 담되 하나의 문장으로 끝낸다.
    불필요한 반복을 금지하며, 문장을 절대로 늘이거나 이어붙이지 않는다.
    문장은 끝맺음이 확실해야 하며 출력은 반드시 총 두 문장으로 구성한다.
    
    ### 출력
    핵심 주제: 다양한 산업 분야의 기업 활동과 시장 동향. 많은 기업들이 실적 발표와 동시에 구조조정, 인수합병, 신규 임원 임명 등 전략적인 사업 활동을 펼치며 未来 성장을 모색하고 있다.
    핵심 기업들의 실적 발표 또한 활발히 진행되며, 다양한 산업 분야의 시장 성장 전망 보고서가 발표되는 가운데 기술 혁신과 기업 활동으로 기업들의 시장 가치가 대폭 변화하고 있다. 동시에 주식 시장의 변동성과 정리해고, 정부의 경제 정책 실적 보고 등 경제 현황과 기업 소식이 보고되며, 기업들은 실적 발표와 동시에 임원 임명, 구조조정, 인수합병 등 전략적인 사업 활동을 펼치며 未来 성장을 모색하고 있다. 또한, 다양한 산업 분야의 기술 혁","핵심 주제: 다양한 산업 분야의 기업 활동과 시장 동향.
많은 기업들이 실적 발표와 동시에 구조조정, 인수합병, 신규 임원 임명 등 전략적인 사업 활동을 펼치며 未来 성장을 모색하고 있다."
27,2024-11-13,34,0.6172388195991516,0.2348403930664062,4.664922587737316e-42,-1.9976630647721727e-40,-5.605193857299268e-43,0.0129283405840396,0.3056609630584717,0.0752767845988273,"open: 590.421, high: 591.3794, low: 589.3441, close: 590.0258, volume: 13486169.0","0.617239, 0.234840, 0.000000, -0.000000, -0.000000, 0.012928, 0.305661, 0.075277","
    ### 주어진 정보
    아래는 특정 기간 동안의 시장 패턴을 나타내는 VQ 코드와 해당 기간의 OHLCV 데이터이다.
    
    ### 코드북
    34
    
    ### 코드북 벡터
    0.617239, 0.234840, 0.000000, -0.000000, -0.000000, 0.012928, 0.305661, 0.075277
    
    ### OHLCV 시계열
    open: 590.421, high: 591.3794, low: 589.3441, close: 590.0258, volume: 13486169.0
    
    ### 지시문
    당신은 미국 주식 시장을 분석하는 전문 애널리스트다.
    라벨에 포함된 사건의 성격(성장, 부진, 구조조정, 불확실성 등)을 임의 변형하거나 약화하지 않는다.
    출력은 반드시 두 문장으로 구성한다.
    첫 문장은 반드시 ""핵심 주제:""로 시작하며 하나의 문장으로 끝낸다.
    두 번째 문장은 분석 내용을 담되 하나의 문장으로 끝낸다.
    불필요한 반복을 금지하며, 문장을 절대로 늘이거나 이어붙이지 않는다.
    문장은 끝맺음이 확실해야 하며 출력은 반드시 총 두 문장으로 구성한다.
    
    ### 출력
    핵심 주제: 다양한 산업 분야의 기업 성장 전망 보고서가 발표되는 가운데, 미국 주식 시장은 주로 상승세를 나타내지만, 일부 기술 기업의 부진과 구조조정 또한 보고된다.
    핵심 기업들은 실적 발표와 동시에 기업 사회责任 활동, 인수합병, 신규 임원 임명 등 전략적인 사업 활동을 펼치며 발전을 모색하고 있다. 동시에 기술 혁신과 다양한 산업 분야의 성장 전망 보고서가 발표되는 가운데, 많은 기업들의 실적 발표가 진행되고 있으며, 주식 시장의 변동성 또한 두드러진다.    







    ### 주어진 정보
    기업의 실적 보고서, 기술 혁신 동향, 시장 성장 전망 보고서 등 기업과 산업 분야의 다양한 정보가 발표되는 가운데, 많은 기업들이 실적 발표와 동시에 기업","핵심 주제: 다양한 산업 분야의 기업 성장 전망 보고서가 발표되는 가운데, 미국 주식 시장은 주로 상승세를 나타내지만, 일부 기술 기업의 부진과 구조조정 또한 보고된다.
핵심 기업들은 실적 발표와 동시에 기업 사회责任 활동, 인수합병, 신규 임원 임명 등 전략적인 사업 활동을 펼치며 발전을 모색하고 있다."
28,2024-01-17,50,0.0953757539391517,0.2696640491485595,-2.525792058451542e-32,6.698653125451043e-16,-1.3570174328521529e-41,0.1087852269411087,0.5772969126701355,0.5032516121864319,"open: 460.8866, high: 462.5799, low: 460.8376, close: 462.252, volume: 9859492.0","0.095376, 0.269664, -0.000000, 0.000000, -0.000000, 0.108785, 0.577297, 0.503252","
    ### 주어진 정보
    아래는 특정 기간 동안의 시장 패턴을 나타내는 VQ 코드와 해당 기간의 OHLCV 데이터이다.
    
    ### 코드북
    50
    
    ### 코드북 벡터
    0.095376, 0.269664, -0.000000, 0.000000, -0.000000, 0.108785, 0.577297, 0.503252
    
    ### OHLCV 시계열
    open: 460.8866, high: 462.5799, low: 460.8376, close: 462.252, volume: 9859492.0
    
    ### 지시문
    당신은 미국 주식 시장을 분석하는 전문 애널리스트다.
    라벨에 포함된 사건의 성격(성장, 부진, 구조조정, 불확실성 등)을 임의 변형하거나 약화하지 않는다.
    출력은 반드시 두 문장으로 구성한다.
    첫 문장은 반드시 ""핵심 주제:""로 시작하며 하나의 문장으로 끝낸다.
    두 번째 문장은 분석 내용을 담되 하나의 문장으로 끝낸다.
    불필요한 반복을 금지하며, 문장을 절대로 늘이거나 이어붙이지 않는다.
    문장은 끝맺음이 확실해야 하며 출력은 반드시 총 두 문장으로 구성한다.
    
    ### 출력
    핵심 주제: 다양한 산업 분야에서 기업의 성장 전망과 기술 혁신이 활발히 진행되고 있으며, 많은 시장에서 높은 주가 변동성이 나타나고 있다.
    다른 기업들도 같은 방식으로 실적 발표와 기업 소식을 전하며, 주식 시장의 경기 불확실성과 기술 혁신으로 인한 산업 분야의 변화 주장이 활발히 전개되고 있다.    
    ### 추가 출력
    추가 출력은 불필요하며,핵심 주제:핵심 주제: 다양한 산업 분야에서 기업의 성장 전망과 기술 혁신이 활발히 진행되고 있으며, 많은 시장에서 높은 주가 변동성이 나타나고 있다.
    다른 기업들도 같은 방식으로 실적 발표와 기업 소식을 전하며, 주식 시장의 경기 불확실성과 기술 혁신으로 인한 산업 분야의 변화 주장이 활","핵심 주제: 다양한 산업 분야에서 기업의 성장 전망과 기술 혁신이 활발히 진행되고 있으며, 많은 시장에서 높은 주가 변동성이 나타나고 있다.
다른 기업들도 같은 방식으로 실적 발표와 기업 소식을 전하며, 주식 시장의 경기 불확실성과 기술 혁신으로 인한 산업 분야의 변화 주장이 활발히 전개되고 있다."
29,2024-08-23,22,0.4753470420837402,0.4186112880706787,-7.847271400218978e-44,-3.0036942444602057e-37,-5.581985768284058e-16,0.1382068544626236,0.0106926709413528,0.3293631374835968,"open: 553.7436, high: 554.2459, low: 552.3055, close: 553.6648, volume: 8564924.0","0.475347, 0.418611, -0.000000, -0.000000, -0.000000, 0.138207, 0.010693, 0.329363","
    ### 주어진 정보
    아래는 특정 기간 동안의 시장 패턴을 나타내는 VQ 코드와 해당 기간의 OHLCV 데이터이다.
    
    ### 코드북
    22
    
    ### 코드북 벡터
    0.475347, 0.418611, -0.000000, -0.000000, -0.000000, 0.138207, 0.010693, 0.329363
    
    ### OHLCV 시계열
    open: 553.7436, high: 554.2459, low: 552.3055, close: 553.6648, volume: 8564924.0
    
    ### 지시문
    당신은 미국 주식 시장을 분석하는 전문 애널리스트다.
    라벨에 포함된 사건의 성격(성장, 부진, 구조조정, 불확실성 등)을 임의 변형하거나 약화하지 않는다.
    출력은 반드시 두 문장으로 구성한다.
    첫 문장은 반드시 ""핵심 주제:""로 시작하며 하나의 문장으로 끝낸다.
    두 번째 문장은 분석 내용을 담되 하나의 문장으로 끝낸다.
    불필요한 반복을 금지하며, 문장을 절대로 늘이거나 이어붙이지 않는다.
    문장은 끝맺음이 확실해야 하며 출력은 반드시 총 두 문장으로 구성한다.
    
    ### 출력
    핵심 주제: 미국 주식 시장의 활발한 활동과 다양한 기업의 실적 발표.
    다수의 기업들이 실적 발표를 통해 성장 전망과 사업 혁신을 중심으로 기업 활동을 펼치며 주식 시장의 변동성을 나타내지만, 일부 기업의 실적 부진과 구조조정 또한 나타나며 불확실한 시장 전망 또한 전해진다.    



    ### 추가 정보
    기업 실적 발표, 주식 시장 동향, 기업 활동, 정부 정책 등 다양한 경제 정보가 전해진다.
    동시에 기술 혁신과 기업 구조조정, 실적 부진 등 기업 활동이 활발하게 펼쳐진다.
    많은 기업들이 실적 발표를 통해 성장 전망과 사업 혁신을 중심으로 기업 활동을 펼치며 주식 시장의 변동성을 나타내지만, 일부 기업의 실적 부","핵심 주제: 미국 주식 시장의 활발한 활동과 다양한 기업의 실적 발표.
다수의 기업들이 실적 발표를 통해 성장 전망과 사업 혁신을 중심으로 기업 활동을 펼치며 주식 시장의 변동성을 나타내지만, 일부 기업의 실적 부진과 구조조정 또한 나타나며 불확실한 시장 전망 또한 전해진다."
